customer_id,churn_prediction,churn_probability
767114958,0,0.001991906775922432
708123033,0,0.0020935579867064195
715424283,0,0.0030029245723210383
717865008,0,0.002015921457525066
710188308,0,0.0020167984080847806
716574033,0,0.0019921845673060473
713183508,0,0.0019681775416243662
718583133,0,0.002169282072143381
783554958,0,0.002093491328133158
714418158,0,0.0019450283934486974
710061783,1,0.9988910357893884
716225433,0,0.002017611234966998
788327358,0,0.002064540477255755
714847983,0,0.001944876320287452
720031908,0,0.0019452221210902224
713700258,0,0.0020157539990888827
721265883,0,0.0030092936575114226
715321008,1,0.9991063266587528
717831783,0,0.0023285196617411994
711480108,0,0.0021720000791576725
797638383,0,0.00196832717423731
709950858,0,0.001968459353964196
717060858,1,0.9991380420820656
716045508,0,0.002098559128754037
787482033,1,0.9990016083390393
719601708,0,0.0020402261132448068
717683583,0,0.0020650813150615214
813905508,0,0.001969735078953636
769985883,0,0.33525542854360674
718927533,0,0.002067618835075934
784868958,0,0.0020170474840771756
787539333,0,0.0019453489796995899
789871233,0,0.0019688367448661057
826061508,0,0.002117215149964954
716354883,1,0.9991646054278623
717678408,0,0.0019923666348437333
715341858,0,0.0024822191117601575
713003358,1,0.9993133723067245
713374533,0,0.002090939709443086
709985133,0,0.0021540160699371567
771204108,0,0.001968387551331626
713758758,0,0.002016159152688044
709453833,0,0.002017922307765238
713227233,0,0.0019922726012936475
714967233,1,0.9910979804129247
714358008,0,0.00242537605901679
779514558,0,0.002018195563285399
794498733,0,0.002140863780649952
793015083,0,0.0019683336817691416
789212883,1,0.99934588386847
718677858,0,0.0020401810274007655
713675658,0,0.001992792098392678
719523108,0,0.0020158720738381406
708390633,0,0.002332479032528738
715098333,0,0.0020407823367921897
712060158,0,0.0019920410538895716
716831508,0,0.002331638051552512
778172583,0,0.0019452265360036885
789430083,0,0.0019454025525209827
709996833,1,0.9978854715247151
708890133,0,0.0023649101490758623
773332908,0,0.0019449833436628935
715870758,0,0.0021689264071732403
789363408,0,0.0020649138194984784
779118708,0,0.001945039563612023
710544033,0,0.001968186402517649
717500133,0,0.0019452583441440581
712046808,1,0.9960776716907342
815484783,0,0.0019919098242793913
713843283,0,0.0020643831906098924
717260058,0,0.002488627137303308
773383158,0,0.0022718988069179787
711041508,0,0.002070680690634642
816843933,0,0.002016006256066548
715043508,0,0.0019699950514090432
717241233,0,0.0019930043384620956
717521508,0,0.0022180983491847488
708331758,0,0.002272112578414034
715571583,0,0.001968711832880449
711146358,0,0.002329730794683123
789594108,0,0.002041578870351782
779327733,0,0.002141489496913029
711391308,0,0.0019682581031877917
718994583,0,0.001993662909772747
718212633,0,0.001968212681253738
711861258,0,0.0025327272490321294
718123608,0,0.0019452406255680494
718958583,1,0.9949321830304063
772207683,0,0.0020684243625746826
719629308,1,0.9891833472735162
708303108,0,0.002148682801521547
788957358,0,0.0022726691745815933
708727983,0,0.0022812548689725596
714217908,0,0.0025234467602913394
708928908,0,0.0021500593286601618
712411908,0,0.0021667742293631233
771075258,0,0.002428505779638155
717866133,0,0.0021661766300052417
713652783,0,0.002164978872972631
714076683,1,0.9991990765972918
803963808,0,0.002092543770794353
778968408,0,0.0021657726498109046
720064158,0,0.0019920980813190737
778921908,0,0.001968754526252038
770878458,0,0.0020401463134001197
786087633,0,0.00204379558378064
788752833,0,0.002041462934397707
766006758,0,0.00230309114495753
710342508,0,0.0020166220204338916
711422358,0,0.00194537073580367
778574283,0,0.0021147931541986653
709987683,1,0.9994662847091167
821168733,0,0.0019683011399428954
717765183,0,0.0020407319501252927
708723858,0,0.0019687612998789857
720618033,0,0.0020652828284931416
718899708,0,0.0027186121631705734
716437533,0,0.002043643079119036
717491058,0,0.0025985624066306792
711029358,0,0.001993336517976111
716768808,0,0.0021659256548237993
801056358,0,0.0019453035438208332
779210283,0,0.0020188510300539
718441308,0,0.0019448742340377754
713241033,0,0.0020914353087503734
711064008,0,0.00212361219426992
772137183,1,0.9992060938697789
788739633,1,0.9986779748603642
708953883,1,0.9993120766736205
716549058,0,0.0021404708145382457
824789283,0,0.0022186698063653863
788252358,0,0.0019449123972501445
819752133,0,0.002015877316786297
716944983,0,0.0027882627281364727
716545383,0,0.0024818705319693745
720836808,0,0.002040091007153722
783361533,0,0.002243870786851779
710893533,0,0.002169504254591955
709793133,0,0.0023506050609720763
716609433,1,0.9974407970539504
715222533,1,0.9990299212161784
713597658,1,0.9433659660187038
720837708,0,0.002145833264919138
786546783,0,0.003144917589266697
778747608,0,0.0020174238496252278
801385458,0,0.0019457165126133642
720844008,0,0.0020158437520208243
754443033,1,0.9985457611215802
799486158,0,0.001945017232101804
798140283,0,0.0024008739550086134
772036233,0,0.0020727298702778126
711427458,0,0.010205607352147579
712727283,0,0.0019920510290532983
710754933,1,0.9993211639634433
709938708,0,0.0019918498353602905
710831133,0,0.0027734966379161963
715570533,1,0.9989701399624414
794576058,0,0.0020161795603335065
786557358,0,0.00208933570881546
708212658,0,0.0021427357692862044
818993508,0,0.0019450081390364055
718466883,0,0.0019450635064551442
717085983,0,0.001945824007146787
709986633,0,0.0021145443481430447
779348358,1,0.9990903121715621
752944533,0,0.002326100774524644
712340733,0,0.0021469064109296923
814459833,0,0.0029693998032477094
718373658,0,0.001991828528856195
771359958,0,0.0022571822466743025
779198133,0,0.002016773519196292
788618208,0,0.002065365508654084
712288158,0,0.0022014789759215478
711838008,1,0.9984489192617665
710202783,0,0.0020157447755416386
771976683,0,0.0025480981002102116
716176683,0,0.002016244978443813
711278283,0,0.0020673345638350044
715019883,0,0.0036342058680115365
720292983,0,0.001968319789358928
716498883,0,0.0022758690441811334
713798958,0,0.0020190575381970753
716939358,0,0.0020911666370002665
709005633,1,0.999097545554222
795573333,0,0.001968163852645083
771069033,0,0.0019449057569288634
801709308,0,0.0020398412663776527
716345283,0,0.002017777834542363
714835833,0,0.002090662934502523
779783508,0,0.002165151064259298
825767658,0,0.001992258724897392
717575958,1,0.9993898876407895
720753183,0,0.002568260516006677
711766758,0,0.001969272519491746
711397533,0,0.001945086060652307
767058183,0,0.002119416721012642
788864508,0,0.002015883865090156
778377183,0,0.002091258533759455
710844408,0,0.0026609307739132826
714919308,1,0.9993291360769233
708874533,1,0.9993911928070965
778356408,0,0.0019451058336450219
769035933,0,0.001968332845153545
771228183,0,0.00219163938041541
772539558,0,0.002124707991600333
714045783,1,0.9993607917951021
809797158,0,0.0021460964713543307
719531133,0,0.0023162855372415698
719192808,0,0.0019920804367888536
720662508,0,0.0021151882148873783
820848408,0,0.0019448580095180073
712412958,0,0.0021733996242725836
778984383,0,0.0019450855905451796
712865583,0,0.002064192054556504
819997983,0,0.0019687290607849684
718301508,0,0.001991838451481616
789197508,0,0.002534778552838658
809459733,0,0.0019942630721125477
813901458,0,0.0022179585090388075
772360683,0,0.00227823131558444
779725833,0,0.0020157765848056496
712996833,0,0.0020404720918775657
779681433,1,0.983330218985583
787591008,0,0.0019448828571614375
712642533,0,0.002015859377227369
721051908,0,0.0023297414401496365
715503558,0,0.001970438416308428
709841433,0,0.0022196489367931893
710424408,0,0.0025848491592269135
709592808,0,0.0019449840416891427
788038383,0,0.003442929569983538
714363858,0,0.002039893737798607
815015283,0,0.0023126552311058092
771336783,0,0.001992085112987992
738899658,1,0.9988441807344136
796170933,0,0.003769867662756478
720992883,0,0.0020446109539619534
712238958,0,0.001992415161707321
718530258,0,0.001970298778056863
711794358,1,0.9907806143779176
716366208,0,0.00196836234576259
770038983,1,0.9978632209340553
709937583,0,0.0019449420571410242
787623858,0,0.002017739494601836
711676008,0,0.002547395643342872
812218908,1,0.9991579085912536
720281508,0,0.001944951535312498
721139808,0,0.001974899573091364
709990983,0,0.0026857892058571487
718244958,0,0.00219724647147486
756639708,0,0.0022619456518831135
718645308,0,0.0019684197922649233
717389433,0,0.0023655600582484695
779310033,1,0.9994123781842557
717192933,0,0.0021659491536620995
718379358,0,0.0019450737947828952
779661033,0,0.001991975019557755
715880283,0,0.0020648959598778558
719469333,0,0.002114666814626853
708974283,0,0.0020167701900206704
789859833,0,0.002181362710848569
772339383,0,0.002482153353716737
716319258,0,0.002039872831540693
720330558,1,0.999295001566374
789827208,0,0.002167965413979703
751450008,0,0.001992529677233236
789791808,0,0.0019449396576370476
717321783,0,0.002307340823981762
712549758,0,0.002448241565153463
712470033,0,0.0020531607843276875
719291283,0,0.0021913441844149573
720413658,0,0.0019686854676597503
709230708,0,0.0028151468250622305
708384033,1,0.9981514125234808
715029333,0,0.0019702797719613648
771040758,0,0.0021433631031330122
711635358,0,0.00194502453921921
716604633,0,0.002090259280199605
716438433,0,0.0019917823275648052
711216933,0,0.002015813999210499
713916708,0,0.0020668856729627186
710106933,0,0.0020911116321846593
806189658,0,0.001944901151556962
770632758,0,0.003466571045573728
789238683,0,0.002230921132536952
711873033,1,0.9976960619757469
720384633,0,0.001969600426255267
712181658,0,0.001992038175874817
714957108,0,0.0019693499493362147
720247158,0,0.0022255094565250973
772313358,0,0.0020159435547859646
803652633,0,0.0024494589778482688
771422883,1,0.9994586207606176
718009158,0,0.0019448767245666934
712612233,0,0.0024151019400812028
709901058,0,0.001991921753664281
716682258,0,0.0019683297726837542
711478233,0,0.0027526146315617365
720040158,0,0.0021692519156009367
720212508,0,0.001969455009792695
787605558,0,0.002015780600753405
780557658,0,0.002828020252864714
709952658,0,0.002068992625057843
793379058,0,0.0019918803683164573
716971833,0,0.0021432147791512813
720997383,1,0.9979711144287958
827111283,0,0.0023613472088149998
769396158,1,0.9992622851160349
820085808,0,0.002320187563249367
780349833,0,0.0019688462718989775
715964058,0,0.0019453988677027878
771903033,0,0.0022451812635481986
802668333,1,0.9982013245529422
718504983,0,0.0023609968404221912
714882258,0,0.0019684243106020986
714211533,0,0.0022911589508820716
720198183,0,0.0019454974943357464
803587533,0,0.0019920037241174526
720050208,0,0.0021964209457425647
771058908,0,0.0019723361606080216
708971583,0,0.001993401210015094
788812608,0,0.0019921595762376534
805282908,0,0.0020158067345998204
717403158,0,0.0021787825028218156
718418958,1,0.999208464355444
721374033,0,0.0019456754847669584
710849208,0,0.0020412475267117015
771823308,0,0.0022449038279194066
719019483,0,0.0020686787678367183
769927533,0,0.002040165082958789
718951683,0,0.0020403830630251595
709666908,0,0.001968699895480999
719857008,0,0.0020158550108105872
788709408,0,0.0019920246979350134
710641008,0,0.002722768940539824
815812683,0,0.0019925054696715207
717624708,1,0.999138138289474
789398733,0,0.0019449264250560102
716136333,1,0.9985802551358404
715162608,1,0.9988349573526204
710822808,0,0.0023958648449226337
714147858,0,0.0019929852355873635
767333808,0,0.001968714248112213
719654283,0,0.0019917910469747255
766273533,0,0.001992431972699011
779601783,0,0.001993444484185468
711370458,0,0.002219127970981943
715519983,0,0.0019449703268476838
788782008,0,0.0023357147209177222
787595658,0,0.0024034967909410507
758211483,0,0.0020399587627024963
710637183,0,0.0019452371674596129
712144158,1,0.99924657752905
715378383,0,0.002089187777339825
771061008,1,0.9964968351717624
719583558,0,0.0019688944355791653
810986883,0,0.0019450335186053144
788797983,0,0.002475950076393932
815104608,0,0.0021482991954899487
715369008,0,0.002016606552924396
713418558,0,0.0023393555311079146
708332808,0,0.002041462803916084
719729433,0,0.002660297638197857
789022233,0,0.002017614242252364
714234858,0,0.0020691595943422843
709170108,1,0.9994661867235166
779727558,0,0.002007504686714162
708245808,0,0.001992457511522838
778255083,0,0.0019925943393616645
718755483,0,0.0023848211149001845
712627083,1,0.7785070625783737
788990508,0,0.0021934772434504205
804437658,0,0.002238325731804961
778430733,0,0.0019976901960386535
808747233,1,0.9989420661896583
710555433,1,0.9981275585921784
708826158,0,0.0021660934413058456
717023508,0,0.0020649604356207923
719694408,1,0.9985692696938653
710014683,0,0.0020908842942319044
815596608,0,0.0019450392797616047
712721358,1,0.9992445804623014
716870583,0,0.0019924284020223716
780076833,0,0.001992493049253597
793616883,0,0.002140114051083738
789105183,0,0.0020540972789621225
817970208,0,0.0019930071500006375
779844408,1,0.9994596545609237
719206308,0,0.002042521127439184
721269108,0,0.001970091399611528
772139433,0,0.0021409219645181087
717042333,1,0.9991669186537832
710273658,0,0.0023296071934984057
716626008,0,0.0020158092082167957
716230158,0,0.0019917471307463594
713010483,0,0.0020174661844918496
711220683,0,0.0019451414064293618
721398858,0,0.0019684133891674626
779400183,0,0.002536901683423251
789964983,1,0.9988982320452864
715102308,0,0.0020649702624514605
712730583,0,0.002248174080516625
718870158,0,0.001970257446664381
719484408,0,0.0024596255967014036
720244983,0,0.0021169454658472604
781306758,1,0.9989558684672376
779412783,0,0.0022524464829475244
721217283,0,0.0021453694395412314
815062383,0,0.0020413595756556963
714155283,0,0.002040574902457917
716981358,0,0.0020164330022583534
824915208,0,0.002193582171184449
708498033,1,0.9991961593370221
716860233,0,0.0019451125592919712
709839858,0,0.002088956046708475
713144208,1,0.9992708853439588
708573933,0,0.0021397232024394433
712579983,0,0.0020399921990329156
790099758,0,0.0027244694938812395
711305208,0,0.002192681797066573
720062508,1,0.9992050592638134
708205083,0,0.002043211173597818
772336458,1,0.9989364981045162
710986758,0,0.001993301331969511
789271533,0,0.00206894419630443
711360783,0,0.001997243656995418
714035283,1,0.999335143267999
720415833,0,0.0019454459542743944
778873608,0,0.0021659238922478214
718661958,0,0.002303488368954435
719026383,0,0.00268883131294861
710229333,0,0.002115392516266989
720437358,0,0.002450476179417959
811467708,0,0.00219182108786504
778933983,0,0.001992316133676449
719413383,0,0.002040593248726432
718252533,1,0.9969614796622729
718188858,0,0.001970620060175792
711382458,1,0.9989525313089587
721212258,0,0.0019450700441750262
717600483,0,0.0024739202361975425
761544333,0,0.002111041661813182
809425533,0,0.0019450524448302818
709678608,0,0.002393798978475278
713151258,0,0.0020659413995746494
715345833,0,0.0025546987887640833
720776508,0,0.0021930880752600267
720689583,0,0.0019690020754521546
801728658,0,0.0022782863556969554
718979733,0,0.0021690673198112753
721163133,0,0.0023210438092071592
710595783,0,0.002418655293532608
714781908,0,0.002016303195894975
709618308,0,0.0022981090808604884
713971608,0,0.0020892065229880684
718020408,0,0.0019682976985211523
716513358,0,0.0022010586533501427
710401458,0,0.0028601208382032874
712177908,0,0.001969426470276466
719216508,0,0.0019920361990064753
711017433,0,0.002358787884768904
788386908,0,0.002016279501078152
710819733,1,0.9976398903130959
711978858,0,0.001968468266213228
807136758,1,0.9994186299579633
716138958,0,0.002114862123671693
713070033,0,0.0019920451671177203
827055333,0,0.0030085083334042725
827408058,0,0.002065257014142525
793608258,1,0.9992169827414428
717013383,0,0.00204045149307394
714320358,0,0.003325930402652924
716948283,0,0.002043614885218185
717657333,0,0.002476344299547951
788687133,0,0.0023099720004694673
710736558,0,0.002257186922276307
708721533,0,0.002053201519382896
817108083,1,0.9991074497007061
719737833,0,0.002849818200883595
813967983,0,0.0019448712317808692
771464808,0,0.0019918240874427966
713025558,1,0.9980371932140162
779016408,0,0.002149208976034511
712096758,0,0.0019918532916939533
789523683,0,0.0019696968398020104
713177808,0,0.001945009266116349
718777008,0,0.002435065587778367
711004533,0,0.0019689693338259652
720046458,0,0.002040401960123853
710453283,0,0.005085926420694708
708736608,1,0.999302297853138
778908783,0,0.0022459353370673715
716056158,1,0.9993979828063174
773257233,0,0.0019695066197709236
711371208,0,0.00199191104964526
711831558,0,0.001968422769101893
712164333,1,0.999430792244897
780126033,1,0.9983024667647423
821889858,1,0.999231109667935
779656908,0,0.0019451439643796038
766821033,1,0.9977071218707401
789196158,0,0.002612325201702359
714228558,0,0.0020164013416815335
827360883,0,0.0023003176284514663
712815858,0,0.0023061022731434414
714533058,0,0.001968123554924322
790149483,0,0.001993397603182077
771584658,0,0.002018305744506427
814181433,0,0.0020450051831360813
788761608,0,0.0020894788324965167
709009833,0,0.002092748164695827
708244458,0,0.002100551265064223
797998158,0,0.001968910380888136
808279158,0,0.0022453548550512657
804601833,0,0.002070197586961348
789690483,0,0.002475574221627463
819109308,0,0.0020929478585886363
739317558,0,0.0019450070214738103
721305408,0,0.002024747116746567
716535408,0,0.002165553904407205
719391783,0,0.0020163335920756345
780602733,0,0.0019450561610440814
789556533,0,0.001992221627022194
713422083,1,0.9992781161089779
721506708,0,0.0023132379465357236
715774833,0,0.0023393822257599256
714962658,1,0.9994196491341354
783561558,0,0.0021414595527470062
826709658,1,0.9992934763435061
790017858,0,0.00209782770756044
712319958,0,0.002317608355717432
717483558,0,0.0025903126527920925
713985183,0,0.001969367157122587
708404883,0,0.004148292726573565
717208833,1,0.9987232942751897
816091608,0,0.0019449399324982365
709087983,0,0.0022284210556352997
710763783,0,0.0025947428124988335
719018208,1,0.9991670222277601
713976258,0,0.0019683511271023323
709554483,0,0.0022220898753543073
794485158,0,0.002089385818220747
718795083,0,0.0019450738097464976
826451433,0,0.001991865440099327
826717533,0,0.002091944766882967
715294083,1,0.9978248788576384
779187783,0,0.0021398996879151643
719513733,0,0.001968458081280166
709816158,0,0.002514329652905703
711720408,0,0.002118629833086264
714960408,1,0.9992631029360545
770746908,0,0.0020902735808022805
716101308,0,0.0020667540756833134
809825358,0,0.0019454038787268403
719826333,0,0.0020403817368861085
710207208,0,0.001994892002716824
720128658,1,0.997855799983369
780727833,0,0.002185288528775149
802247658,1,0.997921995512407
717787533,0,0.006964504089049892
721115733,0,0.001968939180425944
709446783,0,0.0032155560023502737
784719708,0,0.0024703119768187606
718570158,0,0.0026943596861877524
709965858,0,0.0020644289129145977
757594083,0,0.002042193553697602
789599283,0,0.002272574760598186
718947558,0,0.001968517723616924
721147383,0,0.001968661999674135
720683958,0,0.002397431120200278
780657708,0,0.00214735734469988
713935533,0,0.0020158868109608225
713948808,0,0.0020182190096331067
715406658,1,0.9993021464463182
772640808,0,0.002193594638638392
708496833,1,0.997492839305926
804847308,0,0.0019919997175504205
716931183,0,0.0019681321577428956
714030183,0,0.0024822154212157076
809296308,0,0.0020662432265795673
708358683,0,0.002166005837152486
794664183,0,0.001992201400732174
712475733,0,0.0038921206129620793
708770883,0,0.0021985800156040557
821339433,0,0.0019449760612464575
709206333,1,0.9991802180387236
806914158,1,0.9994333688295818
709607733,0,0.0020157601339219487
712843983,1,0.9981472237757402
780511683,1,0.9890786718392368
709161108,1,0.9978102882299226
708272808,0,0.0019696869842581676
708680583,0,0.0020177149556389763
708712833,0,0.002277408123729653
711947358,0,0.001968585643737006
719634408,0,0.0019695275086667264
718267233,0,0.00226068736127137
715479483,0,0.002523816826365391
711164508,0,0.0020406064083242892
719294433,0,0.002064301708997006
714412308,1,0.9991840608425341
716434533,1,0.999412230999531
719061933,0,0.0022334595564872566
719091333,0,0.002169074607224191
716573058,1,0.9989792277042677
740784258,0,0.001968195979271047
711863433,0,0.00244138205523004
780529908,0,0.0019453528771259153
715132758,0,0.0019685192560417227
713934633,1,0.9960701835414961
827423433,0,0.002090520259674224
708385533,1,0.9987671132912238
789407958,0,0.0020421339622260833
712589658,0,0.0021168475892475182
714759708,0,0.002308858984105833
826068183,0,0.002450350907650758
709913733,0,0.0027859092207747228
789744033,0,0.0022916768751271794
710926383,0,0.0020654841408580924
714052158,1,0.9988327368502955
714900408,0,0.002857697911470791
787532808,0,0.0019449021217383235
802449933,0,0.002066285060377514
755996583,1,0.9994192606463956
709625733,0,0.0022458212903494
719686458,0,0.0031086636452702077
708642708,1,0.9994725986306845
790082508,0,0.0020937652065931437
713205108,0,0.0019685100141593227
710838108,0,0.0021628308537580765
714427608,0,0.0019449459237081336
711655683,0,0.0020166906554732506
826168083,0,0.0019683047437297763
708553008,0,0.004896138476610158
719554758,0,0.002246419054788356
820383558,0,0.001992841433890534
817293258,0,0.0020669994633330546
709275558,0,0.002685263333709296
816078708,0,0.0019682313805275036
719490108,0,0.0026607643804207157
710410158,1,0.9928615969415456
813961233,0,0.0020400857209282226
714259533,0,0.001969692148357943
713550483,0,0.001971649502448868
719073483,1,0.9985957133813131
710428308,0,0.0019450197000469387
779340183,0,0.002028031432070745
788820933,0,0.0019448409457178994
798022683,1,0.9991130272008856
717273333,0,0.0019918611041337226
713952558,1,0.9964991321070301
712545183,0,0.0027385761411882984
789611283,0,0.001969058655277136
713339283,0,0.002416046573306398
721032633,1,0.9992964511460004
719953383,0,0.0019960048643748764
712814658,0,0.0020157073328031785
711764733,0,0.002306550236954466
715915458,0,0.0022715832940040943
720712533,0,0.002016126575967971
709984083,0,0.0019451914521053867
719268333,0,0.0019452065925040713
790048158,0,0.0025892316117808096
717856983,0,0.002218625634400589
715545933,0,0.002113948220898605
709861008,0,0.0020415335870780323
712863183,0,0.0020681543695593905
712423233,0,0.0019682122257356593
711648708,0,0.002064895911338372
714864333,1,0.9993009865897041
788830683,0,0.002192808582268809
719358333,0,0.0022940177212172085
789541458,0,0.0019451175943017431
711589758,0,0.0019682871190363975
711574008,0,0.00293201183797033
779548008,0,0.0021948537987754348
801037833,0,0.001946546361470197
720924633,0,0.002217976958023267
718596858,0,0.0025345577937435464
737967708,0,0.001968307622057608
798110358,0,0.0058444870653624826
789582483,0,0.0019449200410080554
710529708,0,0.0021486228738650387
789526458,0,0.0023123593254856718
711039633,0,0.0026060978465698476
828294933,1,0.996464060088038
720422358,0,0.0020650990549734684
720252858,0,0.00286764247109917
788966958,0,0.002041604501054891
714435408,0,0.002115656504836678
713453733,0,0.001945172536960472
711208083,0,0.0019449321320639081
721220583,0,0.001992328383015888
720205608,0,0.002041267256559498
789983133,0,0.0022821119959516426
787581858,0,0.002044267146854352
708705783,1,0.9853723982694054
717234183,0,0.0024184168441077473
808705758,0,0.0019918427823067157
711183558,0,0.0025001293787476385
812979408,1,0.9994254446647485
715354008,0,0.002142561775054911
721062408,0,0.007420850279956347
712410858,0,0.00199194554817687
779116158,0,0.0022916489826458244
712866933,0,0.0019451518840227745
710411358,1,0.999273494649422
771881283,0,0.0020655066467551546
715363908,0,0.0023897972484229523
789560433,1,0.9985155634328415
709752183,0,0.0021668424646819275
807161508,0,0.003032313005642821
708393633,0,0.0020219637661519677
771886233,0,0.002064573950964073
716930133,0,0.0022370280257709165
809937933,0,0.0019451351889037184
816596583,0,0.002065194403988044
718803333,0,0.0022210240997943484
795237183,0,0.0023268000490831698
720419358,0,0.001992447012781559
719514783,0,0.0020895371104290685
780374133,0,0.0020657338220863236
810868758,0,0.0020647305544736617
714286383,0,0.001968487793343909
708588408,0,0.0020203767727152715
813338733,0,0.0019448865381229243
788826408,0,0.002116083072481105
713134458,0,0.002555488056347918
716350008,0,0.0019449283477282126
738062658,0,0.0019929371069896096
709449333,0,0.001944846839640762
718665933,0,0.002290569666219616
748503708,0,0.0022742624681229132
807141183,0,0.0027689907555579966
766381908,0,0.001944975377048272
822112383,0,0.0019684322952054955
709061658,0,0.002247732599078583
797166633,0,0.0019448848025908332
789435783,0,0.0020687891414050284
708266883,1,0.9990484048044533
716793108,0,0.0020416178773437063
712253058,0,0.0019451538837379635
716430933,0,0.0019682737641996003
715746633,0,0.002485600556410927
714842208,0,0.0020160181792187753
713879283,0,0.0026495385650579825
778679883,0,0.002146092243736751
712110333,1,0.999345613294968
720724008,0,0.001991944316996081
708387933,0,0.002122239705275899
712165308,0,0.0019684854497622993
720283758,1,0.9985354853508325
708473133,0,0.002300668875339141
810493458,0,0.002168817483735927
711122958,1,0.9981645986482757
721502958,0,0.0025563702009991723
715908558,0,0.0024224926559129906
711594858,0,0.002041009183929545
789513858,1,0.9993909244643085
712795833,1,0.9908495357886117
719628033,0,0.002857723712655836
718282983,0,0.0020400598930072214
714121983,0,0.002165297439209424
709791333,0,0.0019924326668972103
779916408,0,0.002096833283605188
711657783,0,0.0019689909934499207
780203883,0,0.001992311408253097
709367433,0,0.002996408574883895
736145283,0,0.0020658358580859966
711516783,0,0.002170732743785054
712104333,0,0.0020933236898597785
711116133,1,0.9992167943006276
712988958,0,0.00199324850720907
771201408,0,0.0019919402221051812
712011633,0,0.0019450896993918334
713579733,0,0.0019683895699829
796544133,0,0.0020177154125846364
709272333,0,0.0020906893216537706
715153158,0,0.001968812433859794
779342958,0,0.0020679704821199222
810545733,0,0.0019450491331891257
805453908,0,0.0019448466349096774
817086783,0,0.0023545575488901783
714943233,0,0.0019689335755008965
789097833,0,0.0020657873124612296
759584958,1,0.9978604910481419
708886533,0,0.0019448579000251576
708761733,0,0.0026267673036933048
711600033,0,0.001987193781467766
769935783,0,0.0021460439099929523
717446208,0,0.0020412701208019604
721121283,0,0.0019922734084441554
819151083,0,0.0019688009627846564
716470683,0,0.0020407626481638392
779643858,0,0.002042425903312479
787665258,1,0.9993290967246516
787475433,0,0.002069778056280873
717448383,1,0.9981195616039862
710812533,1,0.9993131495683554
716461683,0,0.002040188294176535
814571058,0,0.001968902923361379
712071708,0,0.0026055025884482224
720769533,0,0.002122985979735718
794581533,0,0.001968776103442852
715732533,1,0.9812827450816515
708286683,0,0.0019452502488504653
708543258,0,0.002042972928744298
713809833,0,0.0019449500856594693
793636308,0,0.002327021389546876
789095958,1,0.9991580532499857
757722708,0,0.002141204433432317
738627708,1,0.999281802137857
820353558,0,0.0031218273710782764
718739508,0,0.003313522812010309
788943333,1,0.8889052928618099
708397008,0,0.0019449125975214063
711392508,0,0.00204387007968775
780653208,0,0.002089903059823031
710251608,0,0.003266830174547067
719354433,0,0.001992090022058536
710676483,0,0.0021759202281939442
826414083,0,0.0021919580181807637
720673008,0,0.0025171149545113645
716736858,0,0.0019449654723385735
715660308,1,0.9988503796565187
785387883,0,0.0026059377741285703
721028283,0,0.002064612727555826
717797658,0,0.002066807834793055
712390683,0,0.006583061330308625
717965808,0,0.002761668883988252
721514883,0,0.0021919928544079214
718477983,0,0.001970575113677662
719671383,0,0.0020182836451396193
711191808,0,0.0023698115239751756
708637758,0,0.0035464746113369537
794675058,1,0.9991549382895407
720508233,0,0.24268057115238365
713094483,0,0.002788092572769672
780064983,0,0.0021501668488552094
710155158,1,0.9982743390883386
710904708,0,0.001968463091450301
801715383,1,0.9994532116549943
806889633,0,0.002520118421053709
794831733,0,0.0020897375577729844
712019883,0,0.002301574450514379
770956158,0,0.001968629130714665
778386033,0,0.003334941064041626
708147108,0,0.0019683548952692605
710310108,0,0.0021211155212373396
771982083,0,0.001968786028782335
714754533,0,0.0019681853112984843
717626508,0,0.0019685850631449646
718328283,0,0.002095729671223677
716739258,0,0.002757227804215803
714277758,0,0.0023486999153838877
720210483,0,0.0019460707193830983
720411183,0,0.0019450275923889831
711379083,0,0.0019448912459145305
798558783,0,0.0019448441185385946
713363583,0,0.001968348842035235
720339558,0,0.0020172988273609387
715008858,0,0.001968525390317686
779037408,0,0.0022010648124437555
721513833,0,0.001968719169923682
714311583,0,0.0022453629799037184
797414733,0,0.0031274048748126384
716864733,0,0.002341957041586165
712924383,1,0.9990702773273835
719854008,0,0.002242298433345462
771630783,0,0.0019926818994631577
771471708,0,0.00221889364968361
769463433,0,0.0020205795738113728
711377808,0,0.0020162912842959283
713133258,0,0.0023049775956024976
718162908,0,0.003427669056879917
713257083,0,0.001944994175318172
772687983,0,0.0019917023763245624
711535158,1,0.9987564959629346
799700208,0,0.0022172555382475364
717177783,0,0.002096793308028037
711402333,0,0.0024255716738800915
714304458,0,0.002714507333644328
713347608,1,0.9983781418160467
718303683,1,0.9988635374165407
714317058,0,0.002074621374938498
718152333,1,0.9988245765603537
716385033,0,0.0024145140377617846
720674133,0,0.0025856544857013443
719153433,0,0.0019449040604902206
712765158,0,0.004008421874847609
713229633,1,0.9993555795183084
712256358,0,0.0020183162777691298
717656433,0,0.0019453514191154944
771081558,0,0.001944904981652034
710702733,0,0.0021696886459738047
779612808,0,0.002442280626214132
713904708,0,0.001944926152201152
716546283,0,0.0021183065193644468
711670308,0,0.0019967133363666756
710856558,0,0.0019451574934982521
713639958,0,0.0022533644629550943
716987358,1,0.999006188494356
720008133,0,0.0019454074925105579
710084883,0,0.0019687253352846487
816476658,1,0.9777539751327814
778486008,0,0.0019966796543132185
769053033,1,0.9993836253964596
716171358,0,0.0019687878638400564
772684833,0,0.002090559046957656
709485033,0,0.0021399361384824367
713352183,0,0.0020193238255581357
712557708,0,0.0021409037001580734
821149008,1,0.9990976734335464
711816108,1,0.9994393299848144
712532058,0,0.002306205624041512
718811058,0,0.002016138101691755
713696808,1,0.9992883964971692
753233733,0,0.0019694670849640873
717030633,0,0.0026632204216177346
718320933,0,0.0019448665432495725
714608583,1,0.9986965753175185
715942683,0,0.0022992216691691764
771356508,0,0.0022576137055438862
711326583,0,0.002411270730746785
714621183,0,0.0019684051665394393
712805658,0,0.0019454212478976962
808981608,0,0.0019449532362933923
718337733,0,0.0022989692919654255
715921758,0,0.0021143166840765786
779803008,0,0.0019451805352658183
717195933,1,0.99949715069508
712562433,1,0.9994320642450881
769578108,0,0.001969125979398122
715442958,0,0.0019701829132113473
708402333,0,0.0019934334517904173
719334408,0,0.0025731230965663557
788246958,0,0.002065370842435868
780336258,0,0.001995525486008212
772706283,0,0.0019919327843468293
780684933,0,0.0019449292851972892
712927383,1,0.9994597228281591
712820208,0,0.0019452157281664565
721434483,0,0.002359829945025878
720659283,0,0.0020414388151557138
716004258,0,0.001944991361552003
713111883,0,0.0027463339755411163
772248408,0,0.002228676840448585
787492908,0,0.001944936876867813
718227033,0,0.0020654387937082525
711320508,0,0.0020643642973641315
718828083,0,0.0019685125936277493
709823733,1,0.9972257370074169
772116408,0,0.00227102562327473
717355533,0,0.001944973774887887
715932708,0,0.001992180105431343
719679858,0,0.002633367963202402
772323033,0,0.0019451602642996
714168183,0,0.002475524692263654
710719683,0,0.001968747793205567
719876808,0,0.002223713505440882
778894233,0,0.0019917624025953084
712881483,0,0.004702272784150896
789481233,1,0.9988845788544453
714767508,0,0.0021423728777982087
789144633,0,0.0033322955492140517
710635083,0,0.0027758080327713857
711557508,0,0.0019684914221236587
720650208,0,0.0024789534034929694
810856833,0,0.002193817213922273
712828533,0,0.008770015689804855
714503433,1,0.9993983764241599
817245183,0,0.0019448673659739459
709106358,0,0.0032320638875790357
720179883,0,0.00241578897283109
816756783,0,0.0020900402378237373
812501358,0,0.0021144145960644155
717203958,0,0.002441194108956838
719661558,0,0.0021527814210037105
716297658,0,0.0036503787058382226
756065433,0,0.0022292486373129052
717076458,0,0.002316867054819974
716586408,0,0.0020943148261626013
719776608,0,0.00364522998469727
710268858,0,0.0019923396913892003
719400108,0,0.002015911401473318
715398858,0,0.0021561222264002153
717359208,0,0.0019449403542689842
788595183,0,0.0024181383753237536
772082208,0,0.0020896032828108422
720770883,0,0.002841010565045263
716263533,0,0.0019448607239012717
719848008,0,0.0019701700900315432
717073308,0,0.002146796255841148
716277558,0,0.003250754412342101
712010358,1,0.9991961911713069
709319658,1,0.9989145537660736
794665608,0,0.0024322850375566823
708997833,0,0.0019454680685460602
717135333,0,0.0019927418631860597
795784008,1,0.998857183633758
711728208,0,0.0019451719830265322
737925558,0,0.0019920633240148398
719147208,0,0.0022989907528368236
715941633,0,0.0022266389402693355
714078558,1,0.9992265623378718
719453283,0,0.0019450316532252949
794507133,1,0.9991782117332736
710790258,0,0.0026397328065082535
755953308,0,0.0020660594508627684
712710708,0,0.0020491897922612196
717843783,0,0.0023295629574030716
710297133,0,0.0019683987322968713
716222808,0,0.002064441067473249
714069858,0,0.002194586448847621
787659483,0,0.0021976354525968674
757167633,0,0.0019449977134817623
717207408,0,0.0020650501056441624
778224858,0,0.0019682252074406967
709103358,0,0.0022175477447749442
816829608,0,0.00265507547458108
719838558,0,0.0019684389056257717
718161708,0,0.003906905726976322
717382608,0,0.0020922319681942413
711762408,0,0.0019450302362008967
811571733,0,0.002458324788213057
779403558,0,0.002194859899720138
718399233,0,0.0021040837564209906
711343233,0,0.00295557309957356
779536233,0,0.0019687504491444035
718893333,0,0.002016443446469834
716697708,1,0.9991577429863366
708788583,1,0.998974274201001
713808633,0,0.0019939604762445762
721210158,0,0.002090164166589297
789666333,0,0.002041197746892725
710872233,1,0.921842102782803
780497958,0,0.0024747584203979977
798047583,0,0.0023800461163503515
817089408,0,0.0019921606646541756
787472283,0,0.001944935697006575
801786483,0,0.0024068525451964038
709040508,0,0.002015778374247024
709257708,0,0.0020400895566770223
753118533,0,0.0019924611547828754
812222208,0,0.0026773615474991854
714187533,0,0.006798006557341311
789180933,0,0.0022230892525442834
718140783,0,0.002118222156329661
713924283,1,0.9874681226094101
713236458,0,0.002131883381879104
816315558,0,0.002433731374826526
770135358,0,0.0019922065831066214
714284358,0,0.0019452345787900596
712965183,0,0.0019452360691302045
713668158,1,0.9671665447751931
784819758,0,0.001968702331745011
712025958,0,0.002016638101935236
713653983,0,0.001968312359078243
712619808,0,0.001945037483053422
710086308,0,0.0019448547153590847
711781233,0,0.002248033632614445
708254733,0,0.002094328251368707
788930358,0,0.0021269108718657303
714361083,1,0.9977692287494986
713253858,1,0.999403630988788
771020133,0,0.0021452905490647553
719593608,1,0.9988022870168636
714407058,0,0.0022753293248325723
721282908,0,0.002287441181610339
771507258,0,0.0020175554178242633
716285358,0,0.001991889825091556
711985833,0,0.02666918614035819
717182883,0,0.002141994443510207
714618333,0,0.002016525715845094
709443633,0,0.0019685554983631423
778180158,0,0.0019685233532393156
713755458,1,0.9992079419049318
767269908,0,0.0019456469266262387
778231983,0,0.002015573429130691
769911858,0,0.002299661416718704
711866358,0,0.0020418647306388693
774437583,0,0.0020899882254763985
711232608,1,0.9993960593023253
721315233,0,0.001991797102676275
713401758,0,0.00194503290108147
769438608,1,0.9991914930454198
713172408,0,0.0021658385900156433
778425408,0,0.0021928513499607626
718611333,0,0.0019683988053234456
771400608,0,0.002116930408918171
719990358,0,0.0020719189836630983
714250908,1,0.9982602817416923
715992558,0,0.0019448955996305866
713181558,0,0.002071591846524908
793597833,0,0.0019450400077555346
816013383,1,0.9993603463272575
715518783,0,0.001968988664631372
779353083,0,0.002704031895032403
719881533,1,0.9992552125218921
792864858,0,0.0022225917554368657
808681158,0,0.002743598190519344
717390408,1,0.9945872567817312
720551733,1,0.9992348287115029
772273983,1,0.99938387700137
720648483,0,0.0025402721184935645
721486908,0,0.0020660393645025423
716657058,0,0.0021707092287064074
713630733,0,0.003536468139415669
718586133,0,0.0020217054159483304
717482658,0,0.0027957216352849867
718503108,0,0.002041836790686332
714148758,0,0.029655198868465488
708902883,0,0.002121485796052687
771499233,0,0.0019919980817459
714113658,0,0.002016958985429861
713231658,0,0.00199267060679844
708319908,1,0.9990550312648685
715629783,0,0.002139864175616137
820587258,0,0.00247807274650139
771852483,0,0.002607976503387763
712578933,1,0.998419540160802
711263058,0,0.001944992414201023
779405133,0,0.0019452389185923
716094333,0,0.001991729360184247
778837083,1,0.9982123325969372
712434708,1,0.999360847338156
771431133,0,0.0019735863317501597
709716258,0,0.00201727804233241
710464683,0,0.0019463343415562215
787543008,0,0.00196868023854023
709363383,0,0.0021412740578681654
817988433,0,0.0019448982166518495
717189183,0,0.00201614946489901
710854008,0,0.002264096863743441
714531108,0,0.001945717348739691
778420383,0,0.0022720190877896992
809068983,0,0.0021712050849123205
713131158,1,0.9988470295083479
709649958,1,0.9991357811690936
754886958,0,0.0021940147646981
713476758,0,0.001991967550876612
709473708,0,0.0021171350319869765
708190158,1,0.9975391043443503
719813058,0,0.0022204762719644513
708158133,1,0.9992678712155331
815826708,0,0.0020164837485942663
712682583,0,0.0022714198525394425
714917583,0,0.0019682135018469892
711577458,0,0.0019457229865252538
717623583,0,0.0021961261109369108
708899283,0,0.0021023625591951103
720249183,0,0.001992240107661137
718653333,1,0.9994533520330828
721424583,0,0.001968789145843016
708451233,0,0.0023612825882117993
788122533,0,0.0040673624444147
708298233,1,0.9989105803342243
711935283,1,0.9984628528860214
769892058,0,0.002144974049802133
717954333,0,0.0020408336593995264
820108008,0,0.002016980859647314
712840608,0,0.00211994082727227
817240833,0,0.002119059923439284
771051783,0,0.003919937908208398
779895108,0,0.0020898358660354993
714811533,0,0.0024033792664811962
714945708,1,0.9932006865563695
712925808,1,0.9987086878536282
712302783,0,0.0019945224162659365
710725383,0,0.002272327777626552
708710283,0,0.0020161178340751067
708382083,0,0.00252947931844871
767404083,1,0.99911771931972
773297508,0,0.002118012861070968
717478983,0,0.00211978473226453
709679658,0,0.002015875774409787
721427358,1,0.9991459526036143
718178583,0,0.0019927871216217203
718489608,0,0.0020427268105057375
721349883,0,0.0028279437742898426
787505133,1,0.9993538187317148
711521958,0,0.0019689977207421085
708271833,0,0.0025112076645428557
711242058,1,0.9986064329528735
718524783,1,0.9990312886623457
715050408,0,0.002279955049566677
757527033,0,0.00238845963913001
717580458,1,0.9982317634939275
714938733,1,0.9989453479302187
719170683,0,0.0021156855156164406
715347783,0,0.0023577599168930975
790108908,0,0.0019926628567350883
789218433,0,0.002196700914486411
789469083,0,0.002307405122693202
715797783,0,0.0020767700683117537
713761608,0,0.00209073414931935
771669183,0,0.0022173418702148575
779521533,0,0.0019449071231039089
715554708,0,0.002043854853806971
767687208,0,0.001968272230191322
708655983,0,0.002546825929928749
720729108,0,0.0020165258663382406
708722583,0,0.0019454301065858063
715371108,1,0.9988927266291265
797238108,0,0.0020166402843604086
718640508,0,0.002202454238860874
709487058,0,0.0021917478674351853
712948383,0,0.0022598969547905456
708469533,0,0.0019689882535462873
709104333,0,0.003264810436323058
755420433,0,0.002174226998088715
718996758,0,0.0020168165993576176
719445633,0,0.0020159535154384164
709231683,0,0.001997476513230554
708846183,0,0.0019454882433959004
826723308,0,0.002039791923222526
710825658,0,0.0019688697014671455
796931508,1,0.9991685456323006
808753758,0,0.001968373307630681
789494133,0,0.002335316471396333
816312633,0,0.0028700505667759485
720029508,0,0.0019936332465193773
714971583,0,0.001968291984651918
789325008,0,0.0021446191047224273
713287608,0,0.0025917403344922997
754872333,0,0.002148085415749236
713573508,1,0.9994049120692453
718875483,0,0.002015709928972887
780237033,0,0.0024198057872643116
710363433,0,0.002144909682770583
795232683,0,0.0019682338997635256
719577258,1,0.9992522655903837
717400533,0,0.0023162481676561758
713047608,1,0.9989983793192834
716645883,0,0.0021394574940108153
709707033,1,0.9991453663800045
711112683,0,0.0021710140350589325
799723908,0,0.0019451664199713885
712290258,0,0.0019689257479934565
710462433,0,0.001944966298787255
812446158,0,0.0021195377280684552
788741733,0,0.001991919894007046
780201633,1,0.9993941414549797
713656308,0,0.0021856881483925303
710749458,0,0.0021148634667714004
817142433,0,0.0022806514274244807
789491058,0,0.002561228025842287
812488608,0,0.0020159308407553733
710563458,0,0.0019448966604678857
716013858,0,0.0022524669660374595
717890583,0,0.002274355967299949
789540108,0,0.00204070268815144
708753633,0,0.0019929436646175334
772776033,0,0.00375702512014315
751283658,0,0.0020928590466780506
711237633,1,0.9993724596888736
817197333,0,0.004518524367729108
718737708,0,0.002433876789660277
710507733,0,0.001945169626834433
712979133,1,0.9711684596017703
717975333,0,0.003210157731371809
787563858,0,0.001968483976932562
779442783,0,0.0019682957316516764
720608658,0,0.0019918365256883968
714524583,1,0.9991011291972139
713580633,0,0.00300561115332093
712214283,0,0.0019449934138277354
720190083,1,0.9994531606924559
718394658,0,0.002141205930871713
708615183,0,0.0021654386106568046
827476983,1,0.9979976206510395
803335008,0,0.0019682955133856735
711658758,0,0.0019926156660096538
721232058,0,0.0038084342906251336
809599158,1,0.9991380357415838
717127083,0,0.0019465411155091747
709243533,0,0.0019451215536406366
711267633,1,0.9993047540432393
809849358,1,0.9989863488351152
720708183,0,0.0019693366365272154
805259733,0,0.002367652771002703
712660308,1,0.999404538667964
714296358,0,0.0020916651417473508
823578483,0,0.001968967847751907
709749483,0,0.0019698837369494875
715215108,0,0.001992123433767908
718415133,0,0.002478441882933434
710500983,1,0.996760059971832
714970458,0,0.002016065990400564
708931908,0,0.0019922274398596956
749571633,0,0.001968701920637958
801508383,0,0.001968365382485645
717185658,1,0.999167224831543
812618883,0,0.0023618740477124975
819002508,0,0.002271653758547937
710218233,0,0.002202911636493713
719344608,0,0.0022156990583186704
718464258,0,0.0023377221990540076
710512833,0,0.00202235579181979
718032483,0,0.0020156936484110395
710159658,0,0.00214192855165507
715765758,0,0.002193784151291062
811700058,1,0.943927990568596
806824908,0,0.001992050462479307
712428333,0,0.001968793397692827
710971908,0,0.001968448267514177
718011783,0,0.0019690313868001384
721399833,0,0.0019451893320986831
710975883,0,0.0024700185103127916
712420833,0,0.0025724483498628385
803115258,1,0.998993396038856
721005108,0,0.0019683730314569883
788610258,0,0.0021149962283529863
716159958,0,0.0022727954647836493
789231858,0,0.0022009466230406283
719123958,1,0.9994596820205183
719337408,0,0.010626929407876266
779486433,0,0.0019689956114024203
817337958,0,0.0031242405430175787
712774908,0,0.002100388922279426
813234108,0,0.0021330919014024403
792524358,0,0.0024782427949203273
719282433,0,0.00211671565283588
720299283,0,0.0019449427072500802
709479558,0,0.0023736830632749644
716102583,0,0.0021208726104911856
713733633,1,0.9943236647924547
795155433,0,0.0019448908181879988
711783483,0,0.001992481332351693
721532583,1,0.9976404763984345
714753258,0,0.002246563911295245
721055058,0,0.0023786177381622167
720510333,0,0.0019686673867313725
718146258,0,0.0022816600792711712
715664808,1,0.999375459808377
719964933,0,0.0020895384025840383
709173108,1,0.9993611173657324
719722308,0,0.002510633481737876
719666283,0,0.002630280970084623
780006783,1,0.999244894059584
715601808,0,0.002042148848430074
769720683,0,0.0021140858952419217
765692658,0,0.0019927762274597966
717819633,0,0.0019681761374904555
718699683,0,0.0020651329462816007
797169633,0,0.0020690081190023733
710636208,0,0.002219024067490722
709309308,1,0.9985420708052141
819690933,0,0.002115006151872711
711615933,0,0.0020410380301518695
714933783,0,0.0020935666576834327
778643733,1,0.9985151897233676
712867983,0,0.002683888195002219
718939083,1,0.9993366914648238
713512308,1,0.996231373001287
790123983,0,0.0020159630353564118
711153783,0,0.0019922192039925402
744483633,0,0.002321580018915202
719971458,0,0.001944923951805716
716506083,1,0.9988103561864774
716329383,1,0.9973618061551208
719719158,0,0.0021411411832352218
716107158,0,0.13550486465569844
714477408,1,0.9987889411076077
773146383,0,0.002666105789697329
708635058,0,0.0019450661567477008
803421108,0,0.0023379020773883004
716210283,0,0.001992313352378077
711315783,0,0.0026778649154149885
712489158,0,0.0025477675502592247
718576908,0,0.002065058018855565
753208833,0,0.002676521310832909
798546408,0,0.0020162150612094256
827114058,0,0.0020655372250069034
771453033,0,0.002419747266659952
718452633,1,0.999375518188881
718026858,0,0.0019449273758753193
721181883,0,0.0020908110627542273
717609633,0,0.0020413488720562255
710927733,0,0.00206608996280931
711551958,1,0.9994453463085875
716365233,0,0.0019936160819306603
783121008,0,0.0019450003232261268
716780283,0,0.002017895802300042
718471758,0,0.00201711521481135
756571983,0,0.0029834599501635133
714700158,0,0.0019926450975418647
794191008,0,0.002089476041671033
711000933,0,0.001945000414066442
789025083,0,0.0019686987713646463
717074283,1,0.9991069663728419
714243408,0,0.002081206826507609
716462658,0,0.0023857847806982692
719944458,0,0.0019451659410610232
718866633,0,0.001945008739107421
714247458,0,0.0020657722167704996
783910008,0,0.0019689053325767157
714294183,1,0.9993912665809234
789530208,0,0.0031668951135993646
714389058,0,0.002040235197145405
772661808,0,0.0019919230771575885
710135058,0,0.001994180743940795
716805408,0,0.0019448926349945898
789304983,0,0.002676004151962485
743912958,0,0.001993163542823462
715311183,0,0.0019682686623568586
720264783,0,0.0019451034255642673
788771733,0,0.0019449130360864677
711724083,1,0.996558967126298
717628608,0,0.003047174831742048
712319058,0,0.0026938438007644274
772231233,0,0.002088638462865717
715315008,0,0.00252810098844455
778853358,0,0.0027474032676923017
714581358,1,0.9993833285035199
710810883,0,0.0019449452231476423
709879458,0,0.0020468786468337387
811970808,0,0.002140776787866753
720015183,0,0.0019459793489223862
708907833,0,0.0021150048103404
826261008,1,0.9993661842252616
794682483,0,0.002016714433044983
708098133,0,0.0021401914334121964
711069483,0,0.0027434628512730762
709537683,1,0.999323872766549
710770383,0,0.0023485960914470393
809811858,1,0.999070897906613
772216833,0,0.0019465956117825024
717830583,0,0.0019449065840176675
713779908,0,0.002222464640475092
712507758,0,0.001968828752654021
716093133,0,0.0022219571638255565
817382958,0,0.0020668629380568
714400308,0,0.0019451373402004676
789466008,0,0.0020419635722965903
710289783,1,0.9967488009807036
712659408,0,0.0019448630474975261
788791383,0,0.002180119332047702
709822008,0,0.001969007721443432
816615633,0,0.0028559020643538725
718521258,0,0.002395640583915327
713533983,0,0.0021427821933159763
709444983,1,0.9992507008682069
717405408,0,0.0019451752305846297
753226158,0,0.002191106196634869
780384483,1,0.9979579238582593
720096558,0,0.002392828288512611
778567983,0,0.0021939062935312716
711649908,0,0.001991875141594411
718038483,0,0.0020402398540608217
719519058,1,0.9991868234313399
770985633,0,0.002484896146661789
713600958,0,0.002119068938356797
719801508,0,0.0019449213530338574
713686008,0,0.0020648590863676275
720401658,1,0.99889322366343
715572783,0,0.0021177656740739626
817908783,0,0.001968602520328075
712361583,0,0.0029228781488183486
709108533,0,0.0019689362953764973
718490658,0,0.0021698790271432082
790006383,0,0.002163817005726021
710744433,0,0.0021901806220109244
780865308,0,0.0028095245439049
716643033,1,0.9992456511024969
789241308,1,0.9994191013171086
721344858,0,0.0028564952365716994
717050883,0,0.001992344688064139
788979258,0,0.0020907579084595545
719125158,0,0.0033461920479013786
709545333,0,0.0022181445370475206
721165608,0,0.002142803807305268
714652383,0,0.001968320402116822
737921733,0,0.01066381087466395
804428958,0,0.0020397961330906856
720075558,0,0.0027239351227268975
769676358,0,0.0019449155488646265
716378658,0,0.003170258972805963
714479358,1,0.9988412903049475
712141683,0,0.0022264729550486835
710005683,0,0.002141690861485267
721228308,1,0.9994846328359899
758833758,0,0.006555743523248526
787565433,0,0.0020546277252041305
780253533,0,0.00262797060121375
714595983,1,0.9995031199937259
709547658,1,0.9993196771132423
711801933,1,0.9994186054680845
715808808,0,0.0019936110751625664
711294258,0,0.0019483726341532625
708542283,0,0.002021242793675067
787514433,0,0.0021665187178353438
779773533,0,0.0037714374581123643
807964908,0,0.001968594997014464
757753083,0,0.002156202869267557
779331558,0,0.0024291834446465927
799026633,0,0.0024619529216270562
719898108,0,0.0020406120706642165
711252258,0,0.0023006503718628686
719724933,0,0.001968369800367235
715413483,0,0.0019933882562753517
751518633,1,0.9986800663263081
742552683,0,0.001991745989901555
756598833,0,0.002337598700268658
794562783,0,0.0021409217399767904
779942808,0,0.0019466587045649999
789151983,0,0.0019686455423514396
779598183,0,0.0021931753545367094
720714933,0,0.0019449934137221094
708536283,1,0.9985717573244052
714548733,0,0.002166316197338985
713796033,1,0.9973998367739269
770817783,0,0.0020905403480107913
716032233,0,0.0019918635140055265
719806233,0,0.0023276879511589907
712835433,0,0.002043955782742954
713975433,0,0.002016624540669508
715076358,1,0.9987266231078348
720731808,1,0.9866766400934976
714616308,0,0.0019683328016665285
717502083,1,0.9974106977968039
789362058,0,0.002193205644697391
794530608,0,0.002232453075195504
709007883,0,0.0020418207382210114
709219533,0,0.002044379760643933
787723758,0,0.002015785374832622
710968008,0,0.001968409661499473
780638958,0,0.0019683531540113032
716951658,0,0.0026803708731588873
715956258,0,0.002374600421464835
785119833,0,0.0033753571005259307
710723958,0,0.0020664985518622425
714011358,0,0.0022014656665124807
717724233,0,0.0021678371926224294
754671558,0,0.002395941175633905
794514108,0,0.002142126278722366
719385558,0,0.0028986474414967166
712637283,0,0.0020446318330172757
714222183,0,0.002040555332681276
709175208,0,0.0019683576441684547
717112533,0,0.012343556953817834
714426783,0,0.0020411584058546003
721448283,1,0.9986248243198842
782548758,0,0.0019459656441252918
717561108,0,0.0019933941548709202
720585183,0,0.0019946692343438175
714643983,0,0.0019685316678656577
712291308,0,0.0019687097209631285
713036208,0,0.0019682995600638197
709979583,0,0.0024470630338185076
717517758,0,0.002039969036414189
717271983,0,0.001968489574690961
718528008,0,0.0020407891553047438
719118708,1,0.9981237400438117
708657033,0,0.0019449974403682186
717489033,1,0.9967261117518301
818926833,0,0.005321108944438123
708338958,0,0.0020168167264299594
827683383,0,0.0020417998191546924
717099408,0,0.002166653463164729
716878533,0,0.0019733615598290575
797410983,0,0.0020983064293208877
789625383,0,0.003167220975827268
709701558,0,0.0020647533749127665
708334158,0,0.001969017953842813
710638233,1,0.9954544103315358
794496033,0,0.001969191235399343
709738008,0,0.001968174419234935
808756458,0,0.0021400120343726477
710982858,0,0.001992847614198946
718451133,0,0.002116863966407061
717991533,0,0.001944887914900188
713104458,1,0.9993908517268286
715783758,0,0.0019448992630245084
716891583,0,0.0019463057111494036
714557583,0,0.002094522537198007
714840858,0,0.0020407495826827503
788911458,0,0.001945149475241229
712521783,0,0.002237369458522324
716756133,0,0.00204129279965396
793550958,0,0.002171557189695237
768687183,0,0.0020157543673785592
778170633,0,0.0019448675676170936
789307833,0,0.0020661985038527056
718291233,0,0.0019449969338354864
718984533,0,0.001944931147225356
794293908,0,0.0021984652692491275
708829758,0,0.0026782776375403735
717016833,0,0.0022461113888447067
711339258,0,0.002441213863843572
708754833,0,0.002041340423521437
716773533,0,0.002463903757452523
788896983,0,0.002140164942387465
715694433,0,0.0019691376080853327
708403308,0,0.002946594424220118
715511658,0,0.00196833678735805
717327783,0,0.002167933139221248
717384183,0,0.0019457475267716973
818929158,0,0.0026031776832511444
789539058,0,0.0024243558727756295
718357458,0,0.002398154302468002
709530408,0,0.002388678467445513
826245858,1,0.9975263273534493
716800908,0,0.0022260943354912594
714425283,0,0.0020405205541642853
718345233,0,0.0030441248433844196
713128833,0,0.0031731137001257182
769577358,0,0.002247526205274682
758824608,0,0.0019458317162812384
716742483,0,0.0026322261977765864
710905908,0,0.0021154398228635835
712902483,0,0.0019681771908374454
772105608,0,0.0020934142242708294
809951133,1,0.9964449069648488
710015733,1,0.9989129600459867
716893683,1,0.9991307299020948
788808633,0,0.0020171560196968396
714100008,1,0.9986539290572283
717211608,0,0.002116260976736789
711008508,0,0.002041741155474103
712899333,0,0.002372424246463727
714091983,0,0.001992045992077771
802878408,0,0.0021928110277770452
715958583,0,0.0021656605253221
716142858,0,0.0019702812551611573
720449208,0,0.0021140993298233335
739021908,0,0.002355811733841799
817035108,0,0.0021661782560033244
718957083,0,0.0019919200776344213
712084383,0,0.002015761656838744
771952683,0,0.0019702822664178507
719782458,0,0.001968292495179868
721164483,0,0.0020163998530786003
806989008,0,0.001991963610941705
709624533,0,0.002960816499336293
710570058,1,0.9992702242408684
713114133,1,0.9991342576406688
771224358,0,0.0021452573090026644
809440008,1,0.9993762405906877
785515533,0,0.002150831386099789
713709258,0,0.0020176601443663137
708104658,0,0.0033502298041593968
817958733,0,0.0021658416516325617
721183983,0,0.0020659073257417457
810220833,0,0.002271223773733122
713373708,1,0.9994261561592946
715710708,0,0.0019681827610585315
717443658,0,0.002065472837523824
717915783,1,0.9993228720807121
779217333,0,0.0019919381159127607
710794983,0,0.0019917732594581616
795855258,0,0.002071297433362987
788719533,0,0.02136405646852926
720782658,0,0.0019682954392654995
720034983,0,0.0025962777660676977
713536158,0,0.0020643666436332506
755262933,0,0.002305265505204515
719136183,0,0.0019453398255266626
715898058,0,0.002117151612589571
716315508,1,0.9992994882700755
788667408,0,0.002074150410390364
768949983,0,0.002437959830277571
778882758,0,0.002326969466640047
709465758,0,0.0027336317147606476
719781183,0,0.002193110523520086
720101658,0,0.0028515753898095066
713782608,0,0.0019926494007854604
802101858,0,0.0022939334127264634
708757233,0,0.0019688140741380674
709711758,1,0.9992423574449498
772000533,0,0.0024280385918328245
720827133,1,0.9993220447741612
789903708,0,0.0019690903958508167
719855958,0,0.0019919413927552455
713254983,0,0.002107865753561914
709120008,0,0.012487200633872186
720927183,0,0.002040677670963384
716875083,0,0.0025447879916976673
716988633,0,0.002449020557367604
711553308,0,0.001969145014596747
788802483,0,0.0019683380666586994
708908883,0,0.002016871596262381
712644483,0,0.001992033189831954
716311683,0,0.002249190483278326
779707308,0,0.0029991915278312327
720595083,0,0.002065492631055176
715034358,0,0.0024610420786556697
720897783,0,0.0019921201384770957
826513233,0,0.004402116643515069
826065258,0,0.0025028881360747222
772426383,0,0.0020406552313372325
717972408,0,0.002114930081297856
708888633,1,0.9993828449907255
714916758,0,0.002530773671407506
710888883,0,0.0019931503971666615
717296808,0,0.0022794725362206597
713847858,1,0.9992300462896293
768728508,0,0.0019918900387932486
762020133,1,0.9993761578735705
710706558,0,0.009044482243118185
709278258,1,0.9975085401620297
710679933,1,0.9987003962249281
713152383,0,0.0019941629455898467
771429408,0,0.002359475539935925
770721858,0,0.002402349440743521
778686408,0,0.0021157044253041477
771682533,0,0.002228907264950642
712378983,1,0.5099765155937149
714615258,1,0.998637338748463
713027058,1,0.9994522318706895
789485433,0,0.0019449608931971427
716368008,1,0.9960061512869817
771935283,0,0.0019454539995499892
779315508,1,0.9875772936582449
794843883,0,0.0020483890602524214
822084333,1,0.9984095727257237
714893733,0,0.002575411305729903
719474583,0,0.0026478406939081382
717141858,0,0.002114536282297596
712714008,0,0.0019454211001096722
719570733,0,0.0019963649170685062
720980958,0,0.001970997648070981
720964683,0,0.002141968195141018
718263108,1,0.9970262553518257
789101883,0,0.002396434332773776
809292483,0,0.0024904093666448255
778973658,0,0.0020990671298836854
708560733,0,0.0019931116243352056
721171008,0,0.002277105775823835
781297983,0,0.0020923036622020755
778228458,0,0.002138204034607828
797668983,0,0.002017522846295818
713492583,1,0.9992617463538959
715799808,1,0.998506201984327
711647808,0,0.0021721735065125384
720840108,0,0.0020470445019482625
711349083,0,0.006944010964450378
721247883,0,0.0019449490913683836
720497958,0,0.002332717779062897
719466558,0,0.0025875773470259073
753220383,1,0.9993046993263237
757481283,0,0.003210238768042796
778506633,1,0.9994462421058549
819634233,1,0.9993910655573763
753795633,1,0.9987723484214864
715435758,0,0.0019448772377173929
772063308,0,0.0019920156078358626
718205283,0,0.0019450095081127597
720863133,0,0.0019695258578825083
709288383,0,0.001991855366838433
709213458,1,0.9991977294472675
708670608,0,0.002016627239617199
709150608,0,0.002451002487510319
713105508,0,0.0021541631198722655
716303583,0,0.001992778254785182
787669233,0,0.002089769994248213
771488583,0,0.0021191562872967394
708269583,0,0.0019922172850092637
779809908,0,0.0019919632264809245
720973833,0,0.002192188540497889
720236433,0,0.0019920801675918525
717895833,0,0.001968312247497774
718921683,0,0.0021917985929859954
713828208,0,0.002477044784635078
779241783,0,0.0022984781088673115
797241108,0,0.002064962360981986
716635758,0,0.00204407155450674
714536208,0,0.0021022176614305245
709372608,0,0.0019455649866574611
769574883,0,0.023720554746364253
718286658,0,0.002089273915342255
714839808,0,0.0019450244221298298
718342158,1,0.9990655396999024
778573233,0,0.0020157865511827985
715680933,0,0.002142276922199768
708396033,0,0.00199217098091349
713356833,0,0.0020987020431029605
814593858,0,0.0020914397356457917
771592458,0,0.0019451742345017408
827631483,0,0.001991938528760661
811721133,0,0.002382741043474997
720443358,0,0.001944948319371511
709477233,0,0.001991996556125349
711942783,0,0.001993444742998918
768848658,0,0.0021695421619744052
788772708,0,0.001992471959100774
717109983,0,0.0020402993902771016
712128258,0,0.0021790955305661243
720621408,0,0.00465271320416658
710295858,0,0.0020160069159715697
714647808,0,0.0019691485681053856
712374708,0,0.0019449510159841557
715547058,1,0.9994530816964543
720539583,0,0.002041361232348808
712952283,0,0.0019684876616452435
710475408,0,0.0019685552797541832
715007583,0,0.001969139427629184
713061558,0,0.005116688786532086
772288758,0,0.002166849670643932
713977308,0,0.0019448580495660304
801064833,0,0.0019925866341952187
708129933,0,0.002092453012953814
789167658,0,0.0022878920310397534
720286908,0,0.0019682228911598186
716565258,0,0.0044747393484540115
708564858,1,0.9986775032998643
778895883,0,0.002041607994126613
709410033,0,0.002019825578966694
710745633,0,0.002040459729143913
709008708,0,0.0020417009220942603
714738858,0,0.0019448999388758373
713639058,1,0.9993979950299513
719739108,0,0.002477417405440476
826079508,0,0.0020648902222206236
710795883,0,0.0020900919753528368
710404533,0,0.0021189828710104683
719359458,0,0.003262508446136716
821837958,0,0.0023955913615451804
710691633,0,0.001969388587438004
779296908,0,0.002102271853683148
710797833,0,0.00201857958003161
804337233,0,0.001968355766178515
713823033,1,0.9991067288087154
720076458,0,0.0020653386181218574
809818008,0,0.002141171165716839
717376758,0,0.001991901259303726
795844983,0,0.00204050378458032
789368658,0,0.0021502249955444443
720462633,0,0.0019451101723102556
708938508,0,0.0020925991865792053
709560258,1,0.9974191563985818
717513933,0,0.002335071464509701
711113958,0,0.002067200330435939
713995233,0,0.0019451432786016059
717906783,0,0.0035491039150172
716516208,0,0.0020401477487502944
756658083,0,0.002002520408073704
718692258,0,0.0019471092443261334
719816583,1,0.9978405136433391
787578183,0,0.0020156002338315407
788699808,0,0.005975808945272609
809320908,0,0.0019949428662907383
789942033,1,0.9981963441955384
714006333,1,0.998515608040586
710813733,0,0.002141244810654482
711679533,0,0.0030763713212272102
709212183,0,0.0022034640551342397
807523008,0,0.0020658753019110665
787480158,0,0.0019682881522869915
711272058,0,0.0019687828631610015
720033033,0,0.001945001482564893
794124708,0,0.002443509948629015
790164408,0,0.0021400274093275377
714831033,0,0.0033826869613772514
718731183,1,0.9990844134478497
827888433,0,0.0021911682014019154
711992133,0,0.001968214152426773
711809283,0,0.0022184744832582357
714574083,0,0.0026576484638408332
769189083,0,0.0019927173601140273
711968358,0,0.0019450634321834595
711750183,0,0.0020911405648226574
716511483,0,0.002659390106744092
800869758,0,0.0019450955399748701
715235808,0,0.0019449518731116738
714199983,0,0.002015635945265445
718540308,0,0.0019449511933694408
716460933,0,0.002167819799100882
780277458,0,0.0019452352767859
798011733,0,0.0019683818576856746
714046608,0,0.001972926389497461
713396358,0,0.0020165632043812258
714005508,0,0.001994575227142031
717444558,0,0.002040011981295713
713905608,0,0.0020660410188698707
711126483,0,0.0027504953483265923
714602658,1,0.9994596359032236
716019333,0,0.0019681775208862558
714869958,0,0.0019450046582837276
778459833,0,0.0025667971910685065
789309558,0,0.0034252318422457726
756736008,0,0.0023617987852159418
779883933,0,0.0022465012785315955
709343433,0,0.002120440317838763
806908608,0,0.0020422805372841374
720521808,0,0.0023303462689290813
709523508,0,0.002959633621594176
708373083,1,0.9984001293615504
713325108,0,0.002392980907651625
819214233,0,0.0022063515850889487
713188383,0,0.0022063294674258055
770778108,0,0.0019450134527395867
716610558,0,0.0026642612896035068
715174158,0,0.0025673652057314365
779608083,0,0.002042079103383579
780200208,0,0.0019955180326383724
718675158,1,0.9990831110872509
817977933,1,0.9990388865801502
755273658,0,0.001944944599883865
715022133,0,0.0025643068931296294
719804208,0,0.0019448501542810009
780056733,0,0.0022769968542566644
780373233,0,0.001994357464423419
817188408,0,0.001992659453035341
772073508,1,0.9993909975419378
803805483,0,0.002064892014995826
717823383,0,0.0019683622531448753
789907533,1,0.9984673499948624
788259558,0,0.002041656034504725
815515158,0,0.0019449352785606653
713884458,0,0.0022825337032527644
789717708,0,0.0020402423599808657
708160008,0,0.00196845474118167
708702258,1,0.9983860227132618
789023508,0,0.0019943355190133313
719265108,0,0.0020935728976483802
813213558,0,0.002163946503496504
802460433,1,0.9992974272554803
717995958,0,0.0019455262567624042
710697408,0,0.002016510365331213
805458933,0,0.002091394898111411
713850783,0,0.002346321110097233
713876958,0,0.00244708524433164
718926258,0,0.002117614767458781
717585858,0,0.0020157388390161096
710303208,0,0.002131409681853367
770647233,0,0.003029102793664539
715459158,0,0.0019450476855719279
789185508,0,0.002094137388599243
779305008,0,0.002040672089663784
713343333,0,0.0019690543571907098
749067633,0,0.0021769901968635534
811713408,0,0.0019452105960868287
789990333,0,0.0019941007335102035
788770908,0,0.0020523374316666313
709411383,0,0.0019450106672488636
708361833,0,0.0020705634052986905
712801758,0,0.002040910498409033
721179708,0,0.0020903927630757852
708511983,0,0.001968407063956008
711388458,0,0.0024521813641483715
720486408,0,0.0020818548318288677
709157133,0,0.002097899761188293
712240083,1,0.9992347335473939
782802033,1,0.9992344889746139
712091433,0,0.0021425592329151794
720494058,0,0.0022730245025901043
710277183,0,0.0019917818835855495
789804933,0,0.0022177122331148774
719022558,0,0.0019449050137058078
714573258,0,0.0036846425809464135
709919283,0,0.0020453399696329162
716481408,0,0.0022032256958386723
719038008,0,0.0032948707173935904
793456983,0,0.001992379519710532
720597108,1,0.9981595339677513
715233108,0,0.00196819262414059
709220583,0,0.003519623951490842
779324358,0,0.003688998212890583
712112733,0,0.002217116978317939
714443058,1,0.9987772808260829
711109908,0,0.002067673657623711
717464958,0,0.002907100483675304
713701533,0,0.0019687169876136112
772565883,0,0.001968517063042763
758765808,0,0.015718779455400983
716851908,0,0.002091530994984482
721500108,0,0.002298750977796012
820268358,0,0.0019449207023894358
717171408,0,0.003467701601452017
713567958,0,0.002043296164067065
716512383,0,0.00269735645804713
713008308,0,0.0025732335219660557
780942633,0,0.0020677681977343864
716249508,0,0.0019684705212639274
714909108,0,0.0022735004601191597
778708533,1,0.9986763685761383
772725408,0,0.001992835806244757
709534083,1,0.99942576625364
817144458,0,0.0019930636298816653
807157833,0,0.0019449125688274043
716371308,0,0.002367775503163494
716332533,0,0.0020939757685534063
716924958,1,0.9990602516835219
720904233,0,0.0022045561042630312
711964533,0,0.00197057745423614
788715483,0,0.001944985625495657
788832033,0,0.002140950341847941
716022258,1,0.9992676907463304
712208658,0,0.001945105832006807
710482533,0,0.001968807836800282
717661908,0,0.0021395533850150556
720254883,0,0.002221590958894378
719532108,0,0.0035305366939368927
779610033,1,0.9988214881568526
819977058,0,0.0020156793598904276
772202058,0,0.0029485338471269902
717658758,0,0.0019931058350121005
720467583,0,0.0019918140007437217
713314533,1,0.9986816099824192
719318583,1,0.9992169807892184
789122808,1,0.9988163344204584
708525108,0,0.0019448949030107976
779662308,0,0.00206706688207939
717180633,0,0.002763695326885368
713000058,0,0.002335435099185587
709747308,0,0.002040483753937977
712235433,1,0.9993428667739993
712405908,0,0.0021143673304242594
778885158,0,0.0020649014679109956
789143283,0,0.002015706077832084
721233033,1,0.9990204618989046
718486608,0,0.0019449655240858718
713249883,0,0.0019683670023232435
797743233,0,0.001944983557932399
778346283,0,0.001992536970361589
721113333,0,0.0020188466118738597
720707283,0,0.0038534553092060653
788997408,0,0.002219300109258475
710456658,0,0.0021144954211113854
808796208,0,0.002363354179993525
713685033,1,0.9993297849295077
788912658,0,0.0020173178532845158
712157958,1,0.9973911119719562
711148308,0,0.0020163713095898944
719117433,0,0.003554029866913438
